COMPANY_NAME,STOCK_CODE,F_STD_DT,RGT_STD_DT,DETAIL_TYPE,REP_SECN_NM,CALTOT_MART_TPCD,ISSU_OBJ_TPCD,SETACC_MM,PVAL,AG_ORG_TPCD,ROST_CLOSE_BEGIN_DT,ROST_CLOSE_EXPRY_DT,TOTAL_ISSU_QTY,TAXA_STND_RATIO,LONGTM_TAX_RDEX_TPCD_NM,ICAP_FNRS_CD,ISSU_FORM,SHOTN_ISIN,KOR_SECN_NM,STK_KACD,PAY_COST_TPCD_NM,ESTM_STD_TPCD_NM,ESTM_STD_DT,RN,PAY_TERM_BEGIN_DT,NEWN_ISSU_NTIMES,ISSU_QTY,ISSU_DT,STK_ALOC_RATIO,ESTM_STDPRC,DIV_RECKON_DT,DELI_DT,LIST_DT,APLI_CD
유한양행,000100,2024/01/01,20240101,basic,유한양행,유가증권시장,주주배정,12,1000,KSD,20240102,,"      80,828,541",.0823886945,No,주식발행초과금,전자증권,,,,,,,,,,,,,,,,,
유한양행,000100,2024/01/01,20240101,pre_issued_stock,,,,,,,,,,,,,,000100,유한양행,보통주,,,,,,,,,,,,,,
유한양행,000100,2024/01/01,20240101,pre_issued_stock,,,,,,,,,,,,,,000105,유한양행1우,우선주,,,,,,,,,,,,,,
유한양행,000100,2024/01/01,20240101,payment,,,,,,,,,,,,,,,,,단주대금,상장일종가,20240119,1,20240126,,,,,,,,,
유한양행,000100,2024/01/01,20240101,payment,,,,,,,,,,,,,,,,,단주대금,상장일종가,20240119,2,,,,,,,,,,
유한양행,000100,2024/01/01,20240101,issued_stock,,,,,,,,,,,,,,000100,유한양행,보통주,,,,,,51,3570407,20240101,5,59700,20240101,20240119,20240119,일반상장
유한양행,000100,2023/01/01,20230101,basic,유한양행,유가증권시장,주주배정,12,1000,KSD,,,"      80,828,541",.0842438982,미정,주식발행초과금,전자증권,,,,,,,,,,,,,,,,,
유한양행,000100,2023/01/01,20230101,pre_issued_stock,,,,,,,,,,,,,,000100,유한양행,보통주,,,,,,,,,,,,,,
유한양행,000100,2023/01/01,20230101,pre_issued_stock,,,,,,,,,,,,,,000105,유한양행1우,우선주,,,,,,,,,,,,,,
유한양행,000100,2023/01/01,20230101,payment,,,,,,,,,,,,,,,,,단주대금,상장일종가,20230120,1,20230130,,,,,,,,,
유한양행,000100,2023/01/01,20230101,payment,,,,,,,,,,,,,,,,,단주대금,상장일종가,20230120,2,,,,,,,,,,
유한양행,000100,2023/01/01,20230101,issued_stock,,,,,,,,,,,,,,000100,유한양행,보통주,,,,,,50,3407181,20230101,5,53400,20230101,20230120,20230120,일반상장
유한양행,000100,2022/01/01,20220101,basic,유한양행,유가증권시장,,12,1000,KSD,20220102,,"      80,828,541",.0840931008,No,주식발행초과금,전자증권,,,,,,,,,,,,,,,,,
유한양행,000100,2022/01/01,20220101,pre_issued_stock,,,,,,,,,,,,,,000100,유한양행,보통주,,,,,,,,,,,,,,
유한양행,000100,2022/01/01,20220101,pre_issued_stock,,,,,,,,,,,,,,000105,유한양행1우,우선주,,,,,,,,,,,,,,
유한양행,000100,2022/01/01,20220101,payment,,,,,,,,,,,,,,,,,단주대금,상장일종가,20220121,1,20220127,,,,,,,,,
유한양행,000100,2022/01/01,20220101,payment,,,,,,,,,,,,,,,,,단주대금,상장일종가,20220121,2,,,,,,,,,,
유한양행,000100,2022/01/01,20220101,issued_stock,,,,,,,,,,,,,,000100,유한양행,보통주,,,,,,49,3258517,20220101,5,58900,20220101,20220121,20220121,일반상장
유한양행,000100,2021/01/01,20210101,basic,유한양행,유가증권시장,주주배정,12,1000,KSD,,,"      80,828,541",.08399403272,미정,주식발행초과금,전자증권,,,,,,,,,,,,,,,,,
유한양행,000100,2021/01/01,20210101,pre_issued_stock,,,,,,,,,,,,,,000100,유한양행,보통주,,,,,,,,,,,,,,
유한양행,000100,2021/01/01,20210101,pre_issued_stock,,,,,,,,,,,,,,000105,유한양행1우,우선주,,,,,,,,,,,,,,
유한양행,000100,2021/01/01,20210101,payment,,,,,,,,,,,,,,,,,단주대금,상장일종가,20210122,1,20210129,,,,,,,,,
유한양행,000100,2021/01/01,20210101,payment,,,,,,,,,,,,,,,,,단주대금,상장일종가,20210122,2,,,,,,,,,,
유한양행,000100,2021/01/01,20210101,issued_stock,,,,,,,,,,,,,,000100,유한양행,보통주,,,,,,48,3116149,20210101,5,72400,20210101,20210122,20210122,일반상장
유한양행,000100,2020/01/01,20200101,basic,유한양행,유가증권시장,주주배정,12,1000,KSD,,,"      80,828,541",.08670742547,No,주식발행초과금,전자증권,,,,,,,,,,,,,,,,,
유한양행,000100,2020/01/01,20200101,pre_issued_stock,,,,,,,,,,,,,,000100,유한양행,보통주,,,,,,,,,,,,,,
유한양행,000100,2020/01/01,20200101,pre_issued_stock,,,,,,,,,,,,,,000105,유한양행1우,우선주,,,,,,,,,,,,,,
유한양행,000100,2020/01/01,20200101,payment,,,,,,,,,,,,,,,,,단주대금,상장일종가,20200122,1,20200130,,,,,,,,,
유한양행,000100,2020/01/01,20200101,payment,,,,,,,,,,,,,,,,,단주대금,상장일종가,20200122,2,,,,,,,,,,
유한양행,000100,2020/01/01,20200101,issued_stock,,,,,,,,,,,,,,000100,유한양행,보통주,,,,,,45,594247,20200101,5,230000,20200101,20200122,20200122,일반상장
유한양행,000100,2019/01/01,20190101,basic,유한양행,유가증권시장,주주배정,12,1000,KSD,20190102,20190108,"      80,828,541",.08760534495,No,주식발행초과금,예탁증권,,,,,,,,,,,,,,,,,
유한양행,000100,2019/01/01,20190101,pre_issued_stock,,,,,,,,,,,,,,000100,유한양행,보통주,,,,,,,,,,,,,,
유한양행,000100,2019/01/01,20190101,pre_issued_stock,,,,,,,,,,,,,,000105,유한양행1우,우선주,,,,,,,,,,,,,,
유한양행,000100,2019/01/01,20190101,payment,,,,,,,,,,,,,,,,,단주대금,상장일종가,20190122,1,20190128,,,,,,,,,
유한양행,000100,2019/01/01,20190101,payment,,,,,,,,,,,,,,,,,단주대금,상장일종가,20190122,2,,,,,,,,,,
유한양행,000100,2019/01/01,20190101,issued_stock,,,,,,,,,,,,,,000100,유한양행,보통주,,,,,,44,567761,20190101,5,233000,20190101,20190121,20190122,일반상장
유한양행,000100,2018/01/01,20180101,basic,유한양행,유가증권시장,주주배정,12,1000,KSD,20180102,20180131,"      80,828,541",.08678404555,No,주식발행초과금,예탁증권,,,,,,,,,,,,,,,,,
유한양행,000100,2018/01/01,20180101,pre_issued_stock,,,,,,,,,,,,,,000100,유한양행,보통주,,,,,,,,,,,,,,
유한양행,000100,2018/01/01,20180101,pre_issued_stock,,,,,,,,,,,,,,000105,유한양행1우,우선주,,,,,,,,,,,,,,
유한양행,000100,2018/01/01,20180101,payment,,,,,,,,,,,,,,,,,단주대금,상장일종가,20180122,1,20180126,,,,,,,,,
유한양행,000100,2018/01/01,20180101,payment,,,,,,,,,,,,,,,,,단주대금,상장일종가,20180122,2,,,,,,,,,,
유한양행,000100,2018/01/01,20180101,issued_stock,,,,,,,,,,,,,,000100,유한양행,보통주,,,,,,43,543458,20180101,5,224000,20180101,20180119,20180122,일반상장
유한양행,000100,2017/01/01,20170101,basic,유한양행,유가증권시장,주주배정,12,1000,KSD,20170102,20170131,"      80,828,541",.09849391512,No,주식발행초과금,예탁증권,,,,,,,,,,,,,,,,,
유한양행,000100,2017/01/01,20170101,pre_issued_stock,,,,,,,,,,,,,,000100,유한양행,보통주,,,,,,,,,,,,,,
유한양행,000100,2017/01/01,20170101,pre_issued_stock,,,,,,,,,,,,,,000105,유한양행1우,우선주,,,,,,,,,,,,,,
유한양행,000100,2017/01/01,20170101,payment,,,,,,,,,,,,,,,,,단주대금,상장일종가,20170123,1,20170126,,,,,,,,,
유한양행,000100,2017/01/01,20170101,payment,,,,,,,,,,,,,,,,,단주대금,상장일종가,20170123,2,,,,,,,,,,
유한양행,000100,2017/01/01,20170101,issued_stock,,,,,,,,,,,,,,000100,유한양행,보통주,,,,,,42,513350,20170101,5,196000,20170101,20170120,20170123,일반상장
유한양행,000100,2011/01/01,20110101,basic,유한양행,유가증권시장,주주배정,12,1000,KSD,20110101,20110131,"      80,828,541",.0311820169,No,재평가적립금,예탁증권,,,,,,,,,,,,,,,,,
유한양행,000100,2011/01/01,20110101,pre_issued_stock,,,,,,,,,,,,,,000100,유한양행,보통주,,,,,,,,,,,,,,
유한양행,000100,2011/01/01,20110101,pre_issued_stock,,,,,,,,,,,,,,000105,유한양행1우,우선주,,,,,,,,,,,,,,
유한양행,000100,2011/01/01,20110101,payment,,,,,,,,,,,,,,,,,단주대금,상장일종가,20110117,1,20110121,,,,,,,,,
유한양행,000100,2011/01/01,20110101,payment,,,,,,,,,,,,,,,,,단주대금,상장일종가,20110117,2,,,,,,,,,,
유한양행,000100,2011/01/01,20110101,issued_stock,,,,,,,,,,,,,,000100,유한양행,보통주,,,,,,41,526191,20110101,5,165000,20110101,20110121,20110117,권리상장
